{"city":
 {"country": "FR", "id": 2990440, "coord": {"lat": 43.703129, "lon": 7.26608}, "name": "Nice"},
 "data": [
     {"clouds": 42, "temp": {"min": 271.64, "max": 285.2, "eve": 279.14, "morn": 271.64, "night": 271.92, "day": 285.2}, "humidity": 0, "pressure": 928.39, "weather": [{"main": "Clouds", "id": 802, "icon": "03d", "description": "scattered clouds"}], "dt": 1394794800, "speed": 0.86, "deg": 219},
     {"clouds": 44, "temp": {"min": 270.96, "max": 285.95, "eve": 278.21, "morn": 271.5, "night": 270.96, "day": 285.95}, "humidity": 47, "pressure": 859.22, "weather": [{"main": "Clouds", "id": 802, "icon": "03d", "description": "scattered clouds"}], "dt": 1394881200, "speed": 0.46, "deg": 331},
     {"clouds": 8, "temp": {"min": 270.52, "max": 286.91, "eve": 280.9, "morn": 273.55, "night": 270.52, "day": 286.91}, "humidity": 52, "pressure": 860.05, "weather": [{"main": "Clear", "id": 800, "icon": "02d", "description": "sky is clear"}], "dt": 1394967600, "speed": 0.56, "deg": 26},
     {"clouds": 0, "temp": {"min": 269.41, "max": 287.62, "eve": 280.96, "morn": 270.41, "night": 269.41, "day": 287.38}, "humidity": 48, "pressure": 863.59, "weather": [{"main": "Clear", "id": 800, "icon": "01d", "description": "sky is clear"}], "dt": 1395054000, "speed": 0.21, "deg": 353},
     {"clouds": 0, "temp": {"min": 267.75, "max": 285.36, "eve": 279.19, "morn": 267.75, "night": 271.2, "day": 285.25}, "humidity": 56, "pressure": 860.76, "weather": [{"main": "Clear", "id": 800, "icon": "01d", "description": "sky is clear"}], "dt": 1395140400, "speed": 0.16, "deg": 350},
     {"clouds": 0, "temp": {"min": 269.58, "max": 283.85, "eve": 276.74, "morn": 269.58, "night": 269.9, "day": 283.85}, "humidity": 57, "pressure": 856.84, "weather": [{"main": "Clear", "id": 800, "icon": "01d", "description": "sky is clear"}], "dt": 1395226800, "speed": 0.16, "deg": 232},
     {"clouds": 53, "temp": {"min": 279.64, "max": 284.99, "eve": 284.39, "morn": 279.64, "night": 284.39, "day": 284.99}, "rain": 1.66, "humidity": 0, "pressure": 908.86, "weather": [{"main": "Rain", "id": 500, "icon": "10d", "description": "light rain"}], "dt": 1395313200, "speed": 3.89, "deg": 274},
     {"clouds": 0, "temp": {"min": 280.46, "max": 285.18, "eve": 283.61, "morn": 282.41, "night": 280.46, "day": 285.18}, "humidity": 0, "pressure": 910.25, "weather": [{"main": "Clear", "id": 800, "icon": "01d", "description": "sky is clear"}], "dt": 1395399600, "speed": 4.84, "deg": 285},
     {"clouds": 95, "temp": {"min": 276.66, "max": 284.91, "eve": 279.97, "morn": 276.66, "night": 277.34, "day": 284.91}, "rain": 5.16, "humidity": 0, "pressure": 908.9, "weather": [{"main": "Rain", "id": 501, "icon": "10d", "description": "moderate rain"}], "dt": 1395486000, "speed": 1.33, "deg": 231},
     {"clouds": 99, "temp": {"min": 273.7, "max": 277.65, "eve": 277.22, "morn": 276.06, "night": 273.7, "day": 277.65}, "rain": 9.91, "humidity": 0, "pressure": 907.07, "weather": [{"main": "Rain", "id": 501, "icon": "10d", "description": "moderate rain"}], "dt": 1395572400, "speed": 2.84, "deg": 20},
     {"clouds": 0, "temp": {"min": 268.78, "max": 283.44, "eve": 279.9, "morn": 268.78, "night": 274.08, "day": 283.44}, "humidity": 0, "pressure": 923.75, "weather": [{"main": "Clear", "id": 800, "icon": "01d", "description": "sky is clear"}], "dt": 1395658800, "speed": 1.04, "deg": 258},
     {"clouds": 88, "temp": {"min": 271.81, "max": 283.53, "eve": 281.61, "morn": 271.81, "night": 278.21, "day": 283.53}, "rain": 0.38, "humidity": 0, "pressure": 925.09, "weather": [{"main": "Rain", "id": 500, "icon": "10d", "description": "light rain"}], "dt": 1395745200, "speed": 1.72, "deg": 300},
     {"clouds": 0, "temp": {"min": 277.32, "max": 283.57, "eve": 282.59, "morn": 277.67, "night": 277.32, "day": 283.57}, "humidity": 0, "pressure": 925.77, "weather": [{"main": "Rain", "id": 500, "icon": "10d", "description": "light rain"}], "dt": 1395831600, "speed": 3.26, "deg": 335},
     {"clouds": 1, "temp": {"min": 273.42, "max": 287.75, "eve": 284.6, "morn": 274.22, "night": 273.42, "day": 287.75}, "humidity": 0, "pressure": 911.57, "weather": [{"main": "Clear", "id": 800, "icon": "01d", "description": "sky is clear"}], "dt": 1395918000, "speed": 1.91, "deg": 282},
     {"clouds": 74, "temp": {"min": 271.9, "max": 278.81, "eve": 274.71, "morn": 274.24, "night": 271.9, "day": 278.81}, "snow": 0.03, "rain": 12.55, "humidity": 0, "pressure": 897.03, "weather": [{"main": "Clear", "id": 800, "icon": "01d", "description": "sky is clear"}], "dt": 1396004400, "speed": 1.49, "deg": 348},
     {"clouds": 1, "temp": {"min": 268.94, "max": 280.6, "eve": 277.26, "morn": 268.94, "night": 268.96, "day": 280.6}, "rain": 0.58, "humidity": 0, "pressure": 906.07, "weather": [{"main": "Rain", "id": 500, "icon": "10d", "description": "light rain"}], "dt": 1396090800, "speed": 0.86, "deg": 25},
     {"clouds": 0, "temp": {"min": 268.96, "max": 268.96, "eve": 268.96, "morn": 268.96, "night": 268.96, "day": 268.96}, "humidity": 0, "pressure": 913, "weather": [{"main": "Clear", "id": 800, "icon": "01ddd", "description": "sky is clear"}], "dt": 1396177200, "speed": 1.03, "deg": 340}
 ],
 "time": 1394865608}
